<odoo>
    <data>
        <record id="estate_property_action" model="ir.actions.act_window">
            <field name="name">Action Property</field>
            <field name="res_model">estate.property</field>
            <field name="view_mode">list,form,search</field>
        </record>
        <record id="estate_property_type_action" model="ir.actions.act_window">
            <field name="name">Action Property Types</field>
            <field name="res_model">estate.property.type</field>
            <field name="view_mode">list,form,search</field>
        </record>
        <record id="estate_property_tags_action" model="ir.actions.act_window">
            <field name="name">Action Property Tags</field>
            <field name="res_model">estate.property.tags</field>
            <field name="view_mode">list,form,search</field>
        </record>
        <record id="estate_property_offer_action" model="ir.actions.act_window">
            <field name="name">Action Property Offers</field>
            <field name="res_model">estate.property.offer</field>
            <field name="view_mode">list,form,search</field>
        </record>
        <record id="list_property" model="ir.ui.view">
            <field name="name">list.property</field>
            <field name="model">estate.property</field>
            <field name="arch" type="xml">
                <list string="Estate Property List youpiyeyeye">
                    <field name="name" />
                    <field name="selling_price" />
                    <field name="partner_id" />
                    <field name="employee_id" />
                    <field name="description" />
                    <field name="postcode" />
                    <field name="bedrooms" />
                    <field name="date_availability" />
                    <field name="garden_orientation" />
                    <field name="state" />
                </list>
            </field>
        </record>
        <record id="form_property" model="ir.ui.view">
            <field name="name">form.property</field>
            <field name="model">estate.property</field>
            <field name="arch" type="xml">
                <form string="Formage">
                    <sheet>
                        <group>
                            <widget name="web_ribbon" title="DIMDIMDIM" bg_color="bg-danger" />
                            <group>
                                <h1>
                                    <field name="name" />
                                </h1>
                                <br></br>
                                <h1>
                                    <field string="Price" name="selling_price" />
                                </h1>
                            </group>
                            <group>
                                <field name="date_availability" />
                                <field name="tag_ids" widget="many2many_tags"
                                    options="{'color_field': 'color', 'no_create_edit': True}" />
                                <field name="partner_id" />
                                <field name="employee_id" />
                            </group>
                            <notebook>
                                <page string="Description">
                                    <field name="description" />
                                    <field name="bedrooms">Bedrooms</field>
                                    <field name="garden_orientation" />
                                </page>
                                                                <page string="Offer">
                                    <field name="offer_ids" />
                                </page>
                            </notebook>
                        </group>
                    </sheet>
                </form>
            </field>
        </record>
        <record id="search_property" model="ir.ui.view">
            <field name="name">search.property</field>
            <field name="model">estate.property</field>
            <field name="arch" type="xml">
                <search string="Search viewzz">
                    <field name="name" />
                    <field name="garden_orientation" />
                    <field name="bedrooms" />
                    <filter string="Big House" name="bighouse"
                        domain="[('selling_price','&gt;',3000)]" />
                    <filter string="New Properties" name="new" domain="[('state','=','new')]" />
                    <filter string="Soon available" name="soon"
                        domain="[('date_availability','&lt;', (context_today() + datetime.timedelta(days=7)).strftime('%Y-%m-%d'))]" />
                    <group expand="1" string="Group By">
                        <filter string="Postcode" name="postcode" context="{'group_by':'postcode'}" />
                    </group>
                </search>
            </field>
        </record>
        <record id="form_property_tags" model="ir.ui.view">
            <field name="name">form.property.tags</field>
            <field name="model">estate.property.tags</field>
            <field name="arch" type="xml">
                <form string="Form View tags">
                    <sheet>
                        <group>
                            <group>
                                <h1>
                                    <field name="name" />
                                </h1>
                                <br></br>
                                <h2>
                                    <field name="color" widget="color_picker" />
                                </h2>
                            </group>
                        </group>
                    </sheet>
                </form>
            </field>
        </record>
    </data>
</odoo>